Workbook

Sheet Programas
A1: Unnamed: 0 | B1: NOMBRE_INSTITUCIÓN | C1: NOMBRE_DEL_PROGRAMA | D1: SECTOR | E1: CÓDIGO_SNIES_DEL_PROGRAMA | F1: CÓDIGO_ANTERIOR_ICFES | G1: RECONOCIMIENTO_DEL_MINISTERIO | H1: VIGENCIA_AÑOS | I1: CINE_F_2013_AC_CAMPO_DETALLADO | J1: MODALIDAD | K1: NÚMERO_CRÉDITOS | L1: NÚMERO_PERIODOS_DE_DURACIÓN | M1: PERIODICIDAD | N1: SE_OFRECE_POR_CICLOS_PROPEDÉUT | O1: PERIODICIDAD_ADMISIONES | P1: DEPARTAMENTO_OFERTA_PROGRAMA | Q1: MUNICIPIO_OFERTA_PROGRAMA | R1: REGION
B2: UNIVERSIDAD AUTONOMA DE MANIZALES | C2: TECNOLOGIA EN AUTOMATIZACION INDUSTRIAL | D2: Privado | E2: 2980 | F2: 182526290801700111200 | G2: Registro calificado | H2: 7 | I2: Electrónica y automatización | J2: Presencial | K2: 99 | L2: 7 | M2: Semestral | N2: No | O2: Semestral | P2: Caldas | Q2: Manizales | R2: =VLOOKUP(P2,Regiones!$A$1:$B$35,2,FALSE) -> Región Centro Occidente
B3: CORPORACION UNIVERSITARIA MINUTO DE DIOS -UNIMINUTO- | C3: TECNOLOGIA EN ELECTRONICA | D3: Privado | E3: 17759 | F3: 17759 | G3: Acreditación de alta calidad | H3: 4 | I3: Electrónica y automatización | J3: Presencial | K3: 106 | L3: 6 | M3: Semestral | N3: No | O3: Semestral | P3: Bogotá, D.C. | Q3: Bogotá, D.C. | R3: =VLOOKUP(P3,Regiones!$A$1:$B$35,2,FALSE) -> Región Bogotá
B4: UNIVERSIDAD DE SAN BUENAVENTURA | C4: TECNOLOGÍA EN AUTOMATIZACIÓN INDUSTRIAL | D4: Privado | E4: 53897 | F4: 53897 | G4: Registro calificado | H4: 7 | I4: Electrónica y automatización | J4: Presencial | K4: 96 | L4: 6 | M4: Semestral | N4: No | O4: Semestral | P4: Bogotá, D.C. | Q4: Bogotá, D.C. | R4: =VLOOKUP(P4,Regiones!$A$1:$B$35,2,FALSE) -> Región Bogotá
B5: UNIVERSIDAD ECCI | C5: TECNOLOGIA EN ELECTRONICA INDUSTRIAL | D5: Privado | E5: 90893 | F5: 90893 | G5: Acreditación de alta calidad | H5: 4 | I5: Electrónica y automatización | J5: Presencial | K5: 90 | L5: 5 | M5: Semestral | N5: Si | O5: Semestral | P5: Bogotá, D.C. | Q5: Bogotá, D.C. | R5: =VLOOKUP(P5,Regiones!$A$1:$B$35,2,FALSE) -> Región Bogotá
B6: SERVICIO NACIONAL DE APRENDIZAJE-SENA- | C6: TECNOLOGÍA EN AUTOMATIZACION INDUSTRIAL | D6: Oficial | E6: 91153 | F6: 91153 | G6: Registro calificado | H6: 7 | I6: Electrónica y automatización | J6: Presencial | K6: 95 | L6: 24 | M6: Mensual | N6: No | O6: Trimestral | P6: Caldas | Q6: Manizales | R6: =VLOOKUP(P6,Regiones!$A$1:$B$35,2,FALSE) -> Región Centro Occidente
B7: INSTITUTO TOLIMENSE DE FORMACION TECNICA PROFESIONAL | C7: TECNOLOGÍA EN AUTOMATIZACIÓN ELECTRÓNICA INDUSTRIAL | D7: Oficial | E7: 101649 | F7: 101649 | G7: Registro calificado | H7: 7 | I7: Electrónica y automatización | J7: Presencial | K7: 125 | L7: 7 | M7: Semestral | N7: Si | O7: Semestral | P7: Tolima | Q7: Espinal | R7: =VLOOKUP(P7,Regiones!$A$1:$B$35,2,FALSE) -> Región Centro Occidente
B8: UNIVERSIDAD DEL QUINDIO | C8: TECNOLOGIA EN INSTRUMENTACIÓN ELECTRONICA | D8: Oficial | E8: 102327 | F8: 102327 | G8: Registro calificado | H8: 7 | I8: Electrónica y automatización | J8: Presencial | K8: 90 | L8: 6 | M8: Semestral | N8: No | O8: Semestral | P8: Quindío | Q8: Armenia | R8: =VLOOKUP(P8,Regiones!$A$1:$B$35,2,FALSE) -> Región Centro Occidente
B9: UNIVERSIDAD ECCI | C9: TECNOLOGIA EN AUTOMATIZACION Y ROBOTICA INDUSTRIAL | D9: Privado | E9: 102855 | F9: 102855 | G9: Registro calificado | H9: 7 | I9: Electrónica y automatización | J9: Presencial | K9: 90 | L9: 5 | M9: Semestral | N9: Si | O9: Semestral | P9: Bogotá, D.C. | Q9: Bogotá, D.C. | R9: =VLOOKUP(P9,Regiones!$A$1:$B$35,2,FALSE) -> Región Bogotá
B10: ESCUELA TECNOLOGICA INSTITUTO TECNICO CENTRAL | C10: TECNOLOGIA EN AUTOMATIZACIÓN INDUSTRIAL | D10: Oficial | E10: 103233 | F10: 103233 | G10: Acreditación de alta calidad | H10: 6 | I10: Electrónica y automatización | J10: Presencial | K10: 120 | L10: 7 | M10: Semestral | N10: Si | O10: Semestral | P10: Bogotá, D.C. | Q10: Bogotá, D.C. | R10: =VLOOKUP(P10,Regiones!$A$1:$B$35,2,FALSE) -> Región Bogotá
B11: FUNDACION UNIVERSITARIA COLOMBO GERMANA | C11: TECNOLOGÍA EN ELECTRÓNICA INDUSTRIAL | D11: Privado | E11: 105344 | F11: 105344 | G11: Registro calificado | H11: 7 | I11: Electrónica y automatización | J11: Presencial | K11: 102 | L11: 6 | M11: Semestral | N11: No | O11: Semestral | P11: Bogotá, D.C. | Q11: Bogotá, D.C. | R11: =VLOOKUP(P11,Regiones!$A$1:$B$35,2,FALSE) -> Región Bogotá
B12: UNIVERSIDAD ECCI | C12: TECNOLOGIA EN AUTOMATIZACION Y ROBOTICA INDURSTIAL | D12: Privado | E12: 105652 | F12: 105652 | G12: Registro calificado | H12: 7 | I12: Electrónica y automatización | J12: Presencial | K12: 89 | L12: 5 | M12: Semestral | N12: Si | O12: Semestral | P12: Antioquia | Q12: Medellín | R12: =VLOOKUP(P12,Regiones!$A$1:$B$35,2,FALSE) -> Región Centro Occidente
B13: INSTITUTO TECNOLOGICO METROPOLITANO | C13: TECNOLOGIA EN AUTOMATIZACIÓN ELECTRONICA | D13: Oficial | E13: 107004 | F13: 107004 | G13: Registro calificado | H13: 7 | I13: Electrónica y automatización | J13: Presencial | K13: 95 | L13: 6 | M13: Semestral | N13: No | O13: Semestral | P13: Antioquia | Q13: Medellín | R13: =VLOOKUP(P13,Regiones!$A$1:$B$35,2,FALSE) -> Región Centro Occidente
B14: UNIVERSIDAD COOPERATIVA DE COLOMBIA | C14: TECNOLOGIA EN CONTROL Y AUTOMATIZACION INDUSTRIAL | D14: Privado | E14: 107315 | F14: 107315 | G14: Registro calificado | H14: 7 | I14: Electrónica y automatización | J14: Presencial | K14: 90 | L14: 5 | M14: Semestral | N14: No | O14: Semestral | P14: Bogotá, D.C. | Q14: Bogotá, D.C. | R14: =VLOOKUP(P14,Regiones!$A$1:$B$35,2,FALSE) -> Región Bogotá
... B40: SERVICIO NACIONAL DE APRENDIZAJE-SENA- | C40: TECNOLOGIA EN MANTENIMIENTO ELECTRONICO E INSTRUMENTAL INDUSTRIAL | D40: Oficial | E40: 110192 | F40: 110192 | G40: Registro calificado | H40: 7 | I40: Electrónica y automatización | J40: Presencial | K40: 95 | L40: 24 | M40: Mensual | N40: No | O40: Trimestral | P40: Meta | Q40: Villavicencio | R40: =VLOOKUP(P40,Regiones!$A$1:$B$35,2,FALSE) -> Región Sur Oriente
B41: INSTITUCION UNIVERSITARIA ANTONIO JOSE CAMACHO | C41: TECNOLOGIA EN ELECTRONICA INDUSTRIAL | D41: Oficial | E41: 12198 | F41: 330126210387600111100 | G41: Acreditación de alta calidad | H41: 4 | I41: Electrónica y automatización | J41: Presencial | K41: 99 | L41: 7 | M41: Semestral | N41: No | O41: Semestral | P41: Valle del Cauca | Q41: Santiago de Cali | R41: =VLOOKUP(P41,Regiones!$A$1:$B$35,2,FALSE) -> Región Occidente
B42: FUNDACION CENTRO COLOMBIANO DE ESTUDIOS PROFESIONALES, -F.C.E.C.E.P. | C42: TECNOLOGIA EN ELECTRONICA INDUSTRIAL | D42: Privado | E42: 101749 | F42: 101749 | G42: Registro calificado | H42: 7 | I42: Electrónica y automatización | J42: Presencial | K42: 99 | L42: 6 | M42: Semestral | N42: No | O42: Semestral | P42: Valle del Cauca | Q42: Santiago de Cali | R42: =VLOOKUP(P42,Regiones!$A$1:$B$35,2,FALSE) -> Región Occidente
B43: FUNDACION TECNOLOGICA AUTONOMA DEL PACIFICO | C43: TECNOLOGÌA EN INSTRUMENTACIÒN ELECTRÒNICA | D43: Privado | E43: 103049 | F43: 103049 | G43: Registro calificado | H43: 8 | I43: Electrónica y automatización | J43: Presencial | K43: 100 | L43: 6 | M43: Semestral | N43: No | O43: Semestral | P43: Valle del Cauca | Q43: Santiago de Cali | R43: =VLOOKUP(P43,Regiones!$A$1:$B$35,2,FALSE) -> Región Occidente
B44: UNIVERSIDAD AUTONOMA DE OCCIDENTE | C44: TECNOLOGÍA EN SISTEMAS ELECTRÓNICOS Y DE AUTOMATIZACIÓN | D44: Privado | E44: 103358 | F44: 103358 | G44: Registro calificado | H44: 8 | I44: Electrónica y automatización | J44: Presencial | K44: 108 | L44: 6 | M44: Semestral | N44: No | O44: Semestral | P44: Valle del Cauca | Q44: Santiago de Cali | R44: =VLOOKUP(P44,Regiones!$A$1:$B$35,2,FALSE) -> Región Occidente
B45: SERVICIO NACIONAL DE APRENDIZAJE-SENA- | C45: TECNOLOGÍA EN AUTOMATIZACIÓN INDUSTRIAL | D45: Oficial | E45: 107837 | F45: 107837 | G45: Registro calificado | H45: 7 | I45: Electrónica y automatización | J45: Presencial | K45: 96 | L45: 24 | M45: Mensual | N45: No | O45: Trimestral | P45: Valle del Cauca | Q45: Santiago de Cali | R45: =VLOOKUP(P45,Regiones!$A$1:$B$35,2,FALSE) -> Región Occidente
B46: SERVICIO NACIONAL DE APRENDIZAJE-SENA- | C46: TECNOLOGIA EN AUTOMATIZACION INDUSTRIAL | D46: Oficial | E46: 108128 | F46: 108128 | G46: Registro calificado | H46: 7 | I46: Electrónica y automatización | J46: Presencial | K46: 95 | L46: 24 | M46: Mensual | N46: No | O46: Trimestral | P46: Nariño | Q46: Pasto | R46: =VLOOKUP(P46,Regiones!$A$1:$B$35,2,FALSE) -> Región Occidente
B47: SERVICIO NACIONAL DE APRENDIZAJE-SENA- | C47: TECNOLOGÍA EN AUTOMATIZACIÓN INDUSTRIAL | D47: Oficial | E47: 108387 | F47: 108387 | G47: Registro calificado | H47: 7 | I47: Electrónica y automatización | J47: Presencial | K47: 95 | L47: 24 | M47: Mensual | N47: No | O47: Trimestral | P47: Cauca | Q47: Popayán | R47: =VLOOKUP(P47,Regiones!$A$1:$B$35,2,FALSE) -> Región Occidente
B48: UNIVERSIDAD DEL VALLE | C48: TECNOLOGIA EN ELECTRONICA INDUSTRIAL | D48: Oficial | E48: 108949 | F48: 108949 | G48: Registro calificado | H48: 7 | I48: Electrónica y automatización | J48: Presencial | K48: 95 | L48: 6 | M48: Semestral | N48: No | O48: Anual | P48: Valle del Cauca | Q48: Palmira | R48: =VLOOKUP(P48,Regiones!$A$1:$B$35,2,FALSE) -> Región Occidente
B49: UNIVERSIDAD DEL VALLE | C49: TECNOLOGIA EN ELECTRONICA INDUSTRIAL | D49: Oficial | E49: 109003 | F49: 109003 | G49: Registro calificado | H49: 7 | I49: Electrónica y automatización | J49: Presencial | K49: 95 | L49: 6 | M49: Semestral | N49: No | O49: Semestral | P49: Valle del Cauca | Q49: Cartago | R49: =VLOOKUP(P49,Regiones!$A$1:$B$35,2,FALSE) -> Región Occidente
B50: UNIVERSIDAD DEL VALLE | C50: TECNOLOGIA EN ELECTRONICA INDUSTRIAL | D50: Oficial | E50: 109528 | F50: 109528 | G50: Registro calificado | H50: 7 | I50: Electrónica y automatización | J50: Presencial | K50: 88 | L50: 7 | M50: Semestral | N50: No | O50: Anual | P50: Valle del Cauca | Q50: Buenaventura | R50: =VLOOKUP(P50,Regiones!$A$1:$B$35,2,FALSE) -> Región Occidente
B51: SERVICIO NACIONAL DE APRENDIZAJE-SENA- | C51: TECNOLOGÍA EN DESARROLLO DE SISTEMAS ELECTRÓNICOS INDUSTRIALES | D51: Oficial | E51: 109864 | F51: 109864 | G51: Registro calificado | H51: 7 | I51: Electrónica y automatización | J51: Presencial | K51: 83 | L51: 9 | M51: Trimestral | N51: No | O51: Trimestral | P51: Valle del Cauca | Q51: Santiago de Cali | R51: =VLOOKUP(P51,Regiones!$A$1:$B$35,2,FALSE) -> Región Occidente
B52: SERVICIO NACIONAL DE APRENDIZAJE-SENA- | C52: TECNOLOGÍA EN DESARROLLO DE SISTEMAS ELECTRÓNICOS INDUSTRIALES | D52: Oficial | E52: 110083 | F52: 110083 | G52: Registro calificado | H52: 7 | I52: Electrónica y automatización | J52: Presencial | K52: 83 | L52: 27 | M52: Mensual | N52: No | O52: Trimestral | P52: Cauca | Q52: Popayán | R52: =VLOOKUP(P52,Regiones!$A$1:$B$35,2,FALSE) -> Región Occidente
B53: UNIVERSIDAD DEL VALLE | C53: TECNOLOGIA EN ELECTRONICA INDUSTRIAL | D53: Oficial | E53: 110176 | F53: 110176 | G53: Registro calificado | H53: 7 | I53: Electrónica y automatización | J53: Presencial | K53: 95 | L53: 6 | M53: Semestral | N53: No | O53: Semestral | P53: Valle del Cauca | Q53: Tuluá | R53: =VLOOKUP(P53,Regiones!$A$1:$B$35,2,FALSE) -> Región Occidente
B54: UNIVERSIDAD DEL VALLE | C54: TECNOLOGIA EN ELECTRONICA INDUSTRIAL | D54: Oficial | E54: 110871 | F54: 110871 | G54: Registro calificado | H54: 7 | I54: Electrónica y automatización | J54: Presencial | K54: 88 | L54: 7 | M54: Semestral | N54: No | O54: Anual | P54: Valle del Cauca | Q54: Zarzal | R54: =VLOOKUP(P54,Regiones!$A$1:$B$35,2,FALSE) -> Región Occidente
B55: UNIVERSIDAD DEL VALLE | C55: TECNOLOGIA EN ELECTRONICA INDUSTRIAL | D55: Oficial | E55: 110178 | F55: 110178 | G55: Registro calificado | H55: 7 | I55: Electrónica y automatización | J55: Presencial | K55: 95 | L55: 7 | M55: Semestral | N55: Si | O55: Semestral | P55: Valle del Cauca | Q55: Santiago de Cali | R55: =VLOOKUP(P55,Regiones!$A$1:$B$35,2,FALSE) -> Región Occidente

Sheet Regiones
A1: Departamento | B1: Región
A2: Antioquia | B2: Región Centro Occidente
A3: Caldas | B3: Región Centro Occidente
A4: Quindío | B4: Región Centro Occidente
A5: Risaralda | B5: Región Centro Occidente
A6: Huila | B6: Región Centro Occidente
A7: Tolima | B7: Región Centro Occidente
A8: Boyacá | B8: Región Centro Oriente
A9: Cundinamarca | B9: Región Centro Oriente
A10: Norte de Santander | B10: Región Centro Oriente
A11: Santander | B11: Región Centro Oriente
A12: Atlántico | B12: Región Norte
... A34: Bogotá, D.C. | B34: Región Bogotá
